{
  "participant_id": "003",
  "main_trials": {
    "n_trials": 60,
    "mean_path_efficiency": 0.5607828282828283,
    "mean_excess_steps": 2.966666666666667,
    "success_rate": 1.0,
    "by_session_domain": [
      {
        "mix_session": 1,
        "domain": "navigation",
        "n": 20,
        "path_eff": 0.509090909090909,
        "rt": 41619.35
      },
      {
        "mix_session": 2,
        "domain": "crafting",
        "n": 20,
        "path_eff": 0.6286111111111111,
        "rt": 27072.35
      },
      {
        "mix_session": 3,
        "domain": "crafting",
        "n": 10,
        "path_eff": 0.6166666666666667,
        "rt": 14675.5
      },
      {
        "mix_session": 3,
        "domain": "navigation",
        "n": 10,
        "path_eff": 0.4726262626262626,
        "rt": 20693.0
      }
    ]
  },
  "tail_B": {
    "spearman_graph_vs_rating": 0.01919440177039524,
    "mean_rating": 3.2777777777777777
  },
  "tail_E": {
    "hub_on_shortest_path_rate": 0.75
  },
  "map_reconstruction_stress": {
    "crafting": 0.48739514218673874,
    "navigation": 0.5259233640933454
  }
}